{
  "data": {
    "id": 1,
    "totalItems": 0,
    "totalPrice": 8730,
    "totalTax": 0,
    "totalPriceWithTax": 8730,
    "currentCart": false,
    "entries": [
      {
        "id": 1,
        "quantity": 2,
        "product": {
          "id": 5,
          "productId": "P5",
          "name": "Apple iphone 7 Plus",
          "url": "https://www.t-mobile.com/cell-phone/apple-iphone-7-plus",
          "description": "iPhone 7 Plus features 12MP dual cameras with 4K video, optical image stabilization, and Portrait mode. A 5.5-inch Retina HD display with wide color gamut and 3D Touch. A10 Fusion chip for high performance. Great battery life. It’s water and dust resistant, and is compatible with iOS 11—a giant step for iPhone, and a new standard for the world’s most advanced mobile operating system.",
          "summary": "Apple iphone 7 Plus",
          "manufacturer": "Apple",
          "approvalStatus": "1",
          "validFrom": "2018-01-01",
          "validTo": "2018-01-01",
          "minOrderQuantity": 1,
          "maxOrderQuantity": 10,
          "saleUnit": "PIECES",
          "isActive": 1,
          "isPurchasable": 1,
          "isAvailableForPickup": 1,
          "averageRating": 4,
          "numberOfReviews": 100,
          "isVariant": 1,
          "productType": "MOBILE",
          "medias": [
            {
              "id": 13,
              "mediaId": "M1",
              "name": "Image of Apple iphone 7 Plus",
              "url": "https://www.t-mobile.com/content/dam/t-mobile/en-p/cell-phones/apple/apple-iphone-7-plus/matte-black/Apple-iPhone7-Plus-MatBlack-1-3x.jpg",
              "fileFormat": "JPG",
              "primaryImage": true
            },
            {
              "id": 15,
              "mediaId": "M3",
              "name": "Image of Apple iphone 7 Plus",
              "url": "https://www.t-mobile.com/content/dam/t-mobile/en-p/cell-phones/apple/apple-iphone-7-plus/matte-black/Apple-iPhone7-Plus-MatBlack-3-3x.jpg",
              "fileFormat": "JPG",
              "primaryImage": false
            },
            {
              "id": 14,
              "mediaId": "M2",
              "name": "Image of Apple iphone 7 Plus",
              "url": "https://www.t-mobile.com/content/dam/t-mobile/en-p/cell-phones/apple/apple-iphone-7-plus/matte-black/Apple-iPhone7-Plus-MatBlack-2-3x.jpg",
              "fileFormat": "JPG",
              "primaryImage": false
            }
          ],
          "prices": [
            {
              "id": 45,
              "priceId": 1,
              "currency": "USD",
              "priceValue": 799,
              "unit": "PIECES",
              "number_of_units": 1
            }
          ]
        }
      },
      {
        "id": 3,
        "quantity": 2,
        "product": {
          "id": 4,
          "productId": "P4",
          "name": "Apple iphone 7",
          "url": "https://www.t-mobile.com/cell-phone/apple-iphone-7",
          "description": "iPhone 7 features a 12MP camera with 4K video and optical image stabilization, a 4.7?inch Retina HD display with wide color gamut and 3D Touch, A10 Fusion chip for high performance, and great battery life. It’s water and dust resistant, and is compatible with iOS 11—a giant step for iPhone, and a new standard for the world’s most advanced mobile operating system.",
          "summary": "Apple iphone 7",
          "manufacturer": "Apple",
          "approvalStatus": "1",
          "validFrom": "2018-01-01",
          "validTo": "2018-01-01",
          "minOrderQuantity": 1,
          "maxOrderQuantity": 10,
          "saleUnit": "PIECES",
          "isActive": 1,
          "isPurchasable": 1,
          "isAvailableForPickup": 1,
          "averageRating": 4,
          "numberOfReviews": 100,
          "isVariant": 1,
          "productType": "MOBILE",
          "medias": [
            {
              "id": 11,
              "mediaId": "M2",
              "name": "Image of Apple iphone 7",
              "url": "https://www.t-mobile.com/content/dam/t-mobile/en-p/cell-phones/apple/apple-iphone-7/silver/Apple-iPhone7-Silver-2-3x.jpg",
              "fileFormat": "JPG",
              "primaryImage": false
            },
            {
              "id": 10,
              "mediaId": "M1",
              "name": "Image of Apple iphone 7",
              "url": "https://www.t-mobile.com/content/dam/t-mobile/en-p/cell-phones/apple/apple-iphone-7/silver/Apple-iPhone7-Silver-1-3x.jpg",
              "fileFormat": "JPG",
              "primaryImage": true
            },
            {
              "id": 12,
              "mediaId": "M3",
              "name": "Image of Apple iphone 7",
              "url": "https://www.t-mobile.com/content/dam/t-mobile/en-p/cell-phones/apple/apple-iphone-7/silver/Apple-iPhone7-Silver-3-3x.jpg",
              "fileFormat": "JPG",
              "primaryImage": false
            }
          ],
          "prices": [
            {
              "id": 41,
              "priceId": 1,
              "currency": "USD",
              "priceValue": 999,
              "unit": "PIECES",
              "number_of_units": 1
            }
          ]
        }
      },
      {
        "id": 2,
        "quantity": 2,
        "product": {
          "id": 2,
          "productId": "P2",
          "name": "Apple iphone 8",
          "url": "https://www.t-mobile.com/cell-phone/apple-iphone-8",
          "description": "iPhone 8 is a new generation of iPhone. Designed with the most durable glass ever in a smartphone and a stronger aerospace grade aluminum band. Charges wirelessly. Resists water and dust. 4.7-inch Retina HD display with True Tone. 12MP camera with new sensor and advanced image signal processor. Powered by A11 Bionic, the most powerful and smartest chip ever in a smartphone. Supports augmented reality experiences in games and apps. With iPhone 8, intelligence has never looked better.",
          "summary": "Apple iphone 8",
          "manufacturer": "Apple",
          "approvalStatus": "1",
          "validFrom": "2018-01-01",
          "validTo": "2018-01-01",
          "minOrderQuantity": 1,
          "maxOrderQuantity": 10,
          "saleUnit": "PIECES",
          "isActive": 1,
          "isPurchasable": 1,
          "isAvailableForPickup": 1,
          "averageRating": 4,
          "numberOfReviews": 100,
          "isVariant": 1,
          "productType": "MOBILE",
          "medias": [
            {
              "id": 4,
              "mediaId": "M1",
              "name": "Image of Apple iphone 8",
              "url": "https://www.t-mobile.com/content/dam/t-mobile/en-p/cell-phones/apple/apple-iphone-8/silver/apple-iphone8-silver-1-3x.jpg",
              "fileFormat": "JPG",
              "primaryImage": true
            },
            {
              "id": 5,
              "mediaId": "M2",
              "name": "Image of Apple iphone 8",
              "url": "https://www.t-mobile.com/content/dam/t-mobile/en-p/cell-phones/apple/apple-iphone-8/silver/apple-iphone8-silver-2-3x.jpg",
              "fileFormat": "JPG",
              "primaryImage": false
            },
            {
              "id": 6,
              "mediaId": "M3",
              "name": "Image of Apple iphone 8",
              "url": "https://www.t-mobile.com/content/dam/t-mobile/en-p/cell-phones/apple/apple-iphone-8/silver/apple-iphone8-silver-3-3x.jpg",
              "fileFormat": "JPG",
              "primaryImage": false
            }
          ],
          "prices": [
            {
              "id": 49,
              "priceId": 1,
              "currency": "USD",
              "priceValue": 669,
              "unit": "PIECES",
              "number_of_units": 1
            }
          ]
        }
      },
      {
        "id": 4,
        "quantity": 2,
        "product": {
          "id": 6,
          "productId": "P6",
          "name": "Samsung Galaxy S9",
          "url": "https://www.t-mobile.com/cell-phone/samsung-galaxy-s9",
          "description": "The Samsung Galaxy S9 is here with the camera re-imagined! Take professional quality photos with the dual aperture camera, and capture stunning pictures whether you’re in bright daylight, moonlight, or super low light. Slow down reality in Super Slow-Mo mode that allows you to record 960 frames per second so you can see every detail. Create an emoji that looks, sounds, and acts just like you with the AR Emoji feature. Enjoy an even more immersive entertainment experience with the Galaxy S9’s brilliant 5.8” infinity QHD display, now enhanced with Dolby Atmos surround sound speakers. Built with the amazingly fast Qualcomm® Snapdragon™ 845 processor, the Samsung Galaxy S9 can take full advantage of T-Mobile’s expanding Extended Range 4G LTE network which travels twice as far and provides 4 times better in building coverage. It’s Samsung’s fastest ever phone and it demands the fastest ever network.",
          "summary": "Samsung Galaxy S9",
          "manufacturer": "Samsung",
          "approvalStatus": "1",
          "validFrom": "2018-01-01",
          "validTo": "2018-01-01",
          "minOrderQuantity": 1,
          "maxOrderQuantity": 10,
          "saleUnit": "PIECES",
          "isActive": 1,
          "isPurchasable": 1,
          "isAvailableForPickup": 1,
          "averageRating": 4,
          "numberOfReviews": 100,
          "isVariant": 1,
          "productType": "MOBILE",
          "medias": [
            {
              "id": 19,
              "mediaId": "M4",
              "name": "Image of Samsung Galaxy S9",
              "url": "https://www.t-mobile.com/content/dam/t-mobile/en-p/cell-phones/samsung/samsung-galaxy-s9/lilac-purple/Samsung-Galaxy-S9-Lilac-Purple-4-3x.jpg",
              "fileFormat": "JPG",
              "primaryImage": false
            },
            {
              "id": 16,
              "mediaId": "M1",
              "name": "Image of Samsung Galaxy S9",
              "url": "https://www.t-mobile.com/content/dam/t-mobile/en-p/cell-phones/samsung/samsung-galaxy-s9/lilac-purple/Samsung-Galaxy-S9-Lilac-Purple-1-3x.jpg",
              "fileFormat": "JPG",
              "primaryImage": true
            },
            {
              "id": 17,
              "mediaId": "M2",
              "name": "Image of Samsung Galaxy S9",
              "url": "https://www.t-mobile.com/content/dam/t-mobile/en-p/cell-phones/samsung/samsung-galaxy-s9/lilac-purple/Samsung-Galaxy-S9-Lilac-Purple-2-3x.jpg",
              "fileFormat": "JPG",
              "primaryImage": false
            },
            {
              "id": 18,
              "mediaId": "M3",
              "name": "Image of Samsung Galaxy S9",
              "url": "https://www.t-mobile.com/content/dam/t-mobile/en-p/cell-phones/samsung/samsung-galaxy-s9/lilac-purple/Samsung-Galaxy-S9-Lilac-Purple-3-3x.jpg",
              "fileFormat": "JPG",
              "primaryImage": false
            }
          ],
          "prices": []
        }
      }
    ]
  }
}