{
  "data": {
    "id": 10,
    "totalItems": 0,
    "totalPrice": 8730,
    "totalTax": 0,
    "totalPriceWithTax": 8730,
    "defaultDeliveryDate": "2018-10-19",
    "requestedDeliveryDate": "2018-07-29",
    "currentCart": false,
    "deliveryMode": {
      "id": 1,
      "name": "STANDARD",
      "description": "STANDARD"
    },
    "paymentInfos": [
      {
        "id": 14,
        "paymentType": "CREDITCARD",
        "creditCard": {
          "id": 4,
          "cardNumber": "3333333333333333",
          "cardType": "VISA",
          "lastName": "Kannan",
          "firstName": "Bharathkumar"
        },
        "amount": 4500,
        "status": "1",
        "transactionDate": "2018-11-28"
      }
    ],
    "entries": [
      {
        "id": 20,
        "quantity": 3,
        "totalPrice": 2397,
        "product": {
          "id": 3,
          "productId": "P3",
          "name": "Apple iphone 8 Plus",
          "url": "https://www.t-mobile.com/cell-phone/apple-iphone-8-plus",
          "description": "iPhone 8 Plus is a new generation of iPhone. Designed with the most durable glass ever in a smartphone and a stronger aerospace grade aluminum band. Charges wirelessly. Resists water and dust. 5.5-inch Retina HD display with True Tone. 12MP dual cameras offer improved Portrait mode and new Portrait Lighting. Powered by A11 Bionic, the most powerful and smartest chip ever in a smartphone. Supports augmented reality experiences in games and apps. With iPhone 8 Plus, intelligence has never looked better.",
          "summary": "Apple iphone 8 Plus",
          "manufacturer": "Apple",
          "approvalStatus": "1",
          "validFrom": "2018-01-01",
          "validTo": "2018-01-01",
          "minOrderQuantity": 1,
          "maxOrderQuantity": 10,
          "saleUnit": "PIECES",
          "isActive": 1,
          "isPurchasable": 1,
          "isAvailableForPickup": 1,
          "averageRating": 4,
          "numberOfReviews": 100,
          "isVariant": 1,
          "productType": "MOBILE",
          "medias": [
            {
              "id": 7,
              "mediaId": "M1",
              "name": "Image of Apple iphone 8 Plus",
              "url": "https://www.t-mobile.com/content/dam/t-mobile/en-p/cell-phones/apple/apple-iphone-8-plus/gold/apple-iphone8plus-gold-1-3x.jpg",
              "fileFormat": "JPG",
              "primaryImage": true
            },
            {
              "id": 9,
              "mediaId": "M3",
              "name": "Image of Apple iphone 8 Plus",
              "url": "https://www.t-mobile.com/content/dam/t-mobile/en-p/cell-phones/apple/apple-iphone-8-plus/gold/apple-iphone8plus-gold-3-3x.jpg",
              "fileFormat": "JPG",
              "primaryImage": false
            },
            {
              "id": 8,
              "mediaId": "M2",
              "name": "Image of Apple iphone 8 Plus",
              "url": "https://www.t-mobile.com/content/dam/t-mobile/en-p/cell-phones/apple/apple-iphone-8-plus/gold/apple-iphone8plus-gold-2-3x.jpg",
              "fileFormat": "JPG",
              "primaryImage": false
            }
          ],
          "prices": [
            {
              "id": 45,
              "priceId": 1,
              "currency": "USD",
              "priceValue": 799,
              "unit": "PIECES",
              "number_of_units": 1
            }
          ]
        },
        "pricePerUnit": 799
      },
      {
        "id": 19,
        "quantity": 5,
        "totalPrice": 7392,
        "product": {
          "id": 1,
          "productId": "P1",
          "name": "Apple iphone X",
          "url": "https://www.t-mobile.com/cell-phone/apple-iphone-x",
          "description": "iPhone X features an all-screen design with a 5.8-inch Super Retina HD display with HDR and True Tone. Designed with the most durable glass ever in a smartphone and a surgical grade stainless steel band. Charges wirelessly. Resists water and dust. 12MP dual cameras with dual optical image stabilization for great low-light photos. TrueDepth camera with Portrait selfies and new Portrait Lighting. Face ID lets you unlock and use Apple Pay with just a glance. Powered by A11 Bionic, the most powerful and smartest chip ever in a smartphone. Supports augmented reality experiences in games and apps. With iPhone X, the next era of iPhone has begun.",
          "summary": "Apple iphone X",
          "manufacturer": "Apple",
          "approvalStatus": "1",
          "validFrom": "2018-01-01",
          "validTo": "2018-01-01",
          "minOrderQuantity": 1,
          "maxOrderQuantity": 10,
          "saleUnit": "PIECES",
          "isActive": 1,
          "isPurchasable": 1,
          "isAvailableForPickup": 1,
          "averageRating": 4,
          "numberOfReviews": 100,
          "isVariant": 1,
          "productType": "MOBILE",
          "medias": [
            {
              "id": 1,
              "mediaId": "M1",
              "name": "Image of Apple iphone X",
              "url": "https://www.t-mobile.com/content/dam/t-mobile/en-p/cell-phones/apple/apple-iphone-x/space-gray/Apple-iPhoneX-SpaceGray-1-3x.jpg",
              "fileFormat": "JPG",
              "primaryImage": true
            },
            {
              "id": 2,
              "mediaId": "M2",
              "name": "Image of Apple iphone X",
              "url": "https://www.t-mobile.com/content/dam/t-mobile/en-p/cell-phones/apple/apple-iphone-x/space-gray/Apple-iPhoneX-SpaceGray-2-3x.jpg",
              "fileFormat": "JPG",
              "primaryImage": false
            },
            {
              "id": 3,
              "mediaId": "M3",
              "name": "Image of Apple iphone X",
              "url": "https://www.t-mobile.com/content/dam/t-mobile/en-p/cell-phones/apple/apple-iphone-x/space-gray/Apple-iPhoneX-SpaceGray-3-3x.jpg",
              "fileFormat": "JPG",
              "primaryImage": false
            }
          ],
          "prices": [
            {
              "id": 41,
              "priceId": 1,
              "currency": "USD",
              "priceValue": 999,
              "unit": "PIECES",
              "number_of_units": 1
            }
          ]
        },
        "pricePerUnit": 999
      },
      {
        "id": 21,
        "quantity": 2,
        "totalPrice": 8730,
        "product": {
          "id": 5,
          "productId": "P5",
          "name": "Apple iphone 7 Plus",
          "url": "https://www.t-mobile.com/cell-phone/apple-iphone-7-plus",
          "description": "iPhone 7 Plus features 12MP dual cameras with 4K video, optical image stabilization, and Portrait mode. A 5.5-inch Retina HD display with wide color gamut and 3D Touch. A10 Fusion chip for high performance. Great battery life. It’s water and dust resistant, and is compatible with iOS 11—a giant step for iPhone, and a new standard for the world’s most advanced mobile operating system.",
          "summary": "Apple iphone 7 Plus",
          "manufacturer": "Apple",
          "approvalStatus": "1",
          "validFrom": "2018-01-01",
          "validTo": "2018-01-01",
          "minOrderQuantity": 1,
          "maxOrderQuantity": 10,
          "saleUnit": "PIECES",
          "isActive": 1,
          "isPurchasable": 1,
          "isAvailableForPickup": 1,
          "averageRating": 4,
          "numberOfReviews": 100,
          "isVariant": 1,
          "productType": "MOBILE",
          "medias": [
            {
              "id": 13,
              "mediaId": "M1",
              "name": "Image of Apple iphone 7 Plus",
              "url": "https://www.t-mobile.com/content/dam/t-mobile/en-p/cell-phones/apple/apple-iphone-7-plus/matte-black/Apple-iPhone7-Plus-MatBlack-1-3x.jpg",
              "fileFormat": "JPG",
              "primaryImage": true
            },
            {
              "id": 15,
              "mediaId": "M3",
              "name": "Image of Apple iphone 7 Plus",
              "url": "https://www.t-mobile.com/content/dam/t-mobile/en-p/cell-phones/apple/apple-iphone-7-plus/matte-black/Apple-iPhone7-Plus-MatBlack-3-3x.jpg",
              "fileFormat": "JPG",
              "primaryImage": false
            },
            {
              "id": 14,
              "mediaId": "M2",
              "name": "Image of Apple iphone 7 Plus",
              "url": "https://www.t-mobile.com/content/dam/t-mobile/en-p/cell-phones/apple/apple-iphone-7-plus/matte-black/Apple-iPhone7-Plus-MatBlack-2-3x.jpg",
              "fileFormat": "JPG",
              "primaryImage": false
            }
          ],
          "prices": [
            {
              "id": 49,
              "priceId": 1,
              "currency": "USD",
              "priceValue": 669,
              "unit": "PIECES",
              "number_of_units": 1
            }
          ]
        },
        "pricePerUnit": 669
      }
    ]
  }
}